archivo,carpeta,estado,palabras,tiene_yaml,tipo_nota,tipo_valido,campos_ok_count,campos_faltantes_count,campos_faltantes,campos_alias,problemas
00_CORE\00_QUIRA_GOV.md,00_CORE,ERROR,670,True,meta-sistema,True,5,3,territorio | dimension_tgi | estado,tipo→tipo_nota | name→nombre | gold_master→fuente_canonica,"Faltan 3 campos: territorio, dimension_tgi, estado | Aliases no canónicos: tipo→tipo_nota, name→nombre, gold_master→fuente_canonica"
00_CORE\01_TGI_FRAMEWORK.md,00_CORE,ERROR,648,True,meta-framework,False,5,3,territorio | dimension_tgi | estado,tipo→tipo_nota | name→nombre | gold_master→fuente_canonica,"tipo_nota desconocido: 'meta-framework' | Faltan 3 campos: territorio, dimension_tgi, estado | Aliases no canónicos: tipo→tipo_nota, name→nombre, gold_master→fuente_canonica"
00_CORE\02_TGI_DIMENSIONES.md,00_CORE,ERROR,861,True,meta-dimensiones,False,5,3,territorio | dimension_tgi | estado,tipo→tipo_nota | name→nombre | gold_master→fuente_canonica,"tipo_nota desconocido: 'meta-dimensiones' | Faltan 3 campos: territorio, dimension_tgi, estado | Aliases no canónicos: tipo→tipo_nota, name→nombre, gold_master→fuente_canonica"
00_CORE\03_SENTINEL_LOGICA.md,00_CORE,ERROR,1484,True,sentinel-logica,False,5,3,territorio | dimension_tgi | estado,tipo→tipo_nota | name→nombre | gold_master→fuente_canonica,"tipo_nota desconocido: 'sentinel-logica' | Faltan 3 campos: territorio, dimension_tgi, estado | Aliases no canónicos: tipo→tipo_nota, name→nombre, gold_master→fuente_canonica"
00_CORE\03_SIAP_ICPI_METHOD.md,00_CORE,ERROR,985,True,meta-metodologia,False,4,4,territorio | dimension_tgi | estado | fuente_canonica,tipo→tipo_nota | name→nombre,"tipo_nota desconocido: 'meta-metodologia' | Faltan 4 campos: territorio, dimension_tgi, estado, fuente_canonica | Aliases no canónicos: tipo→tipo_nota, name→nombre"
00_CORE\04_TGI_INDICADORES.md,00_CORE,ERROR,927,True,meta-indicadores,False,5,3,territorio | dimension_tgi | estado,tipo→tipo_nota | name→nombre | gold_master→fuente_canonica,"tipo_nota desconocido: 'meta-indicadores' | Faltan 3 campos: territorio, dimension_tgi, estado | Aliases no canónicos: tipo→tipo_nota, name→nombre, gold_master→fuente_canonica"
00_CORE\_Índice_CORE.md,00_CORE,ERROR,567,True,indice-modulo,False,5,3,territorio | dimension_tgi | estado,tipo→tipo_nota | name→nombre | gold_master→fuente_canonica,"tipo_nota desconocido: 'indice-modulo' | Faltan 3 campos: territorio, dimension_tgi, estado | Aliases no canónicos: tipo→tipo_nota, name→nombre, gold_master→fuente_canonica"
00_CORE\ALERTA-Brecha_Rural_1.79M.md,00_CORE,ERROR,606,True,alerta-territorial,False,5,3,territorio | dimension_tgi | estado,tipo→tipo_nota | name→nombre | gold_master→fuente_canonica,"tipo_nota desconocido: 'alerta-territorial' | Faltan 3 campos: territorio, dimension_tgi, estado | Aliases no canónicos: tipo→tipo_nota, name→nombre, gold_master→fuente_canonica"
00_CORE\ALERTA-D3_Ejecucion_Critica.md,00_CORE,ERROR,570,True,alerta-tgi,True,5,3,territorio | dimension_tgi | estado,tipo→tipo_nota | name→nombre | gold_master→fuente_canonica,"Faltan 3 campos: territorio, dimension_tgi, estado | Aliases no canónicos: tipo→tipo_nota, name→nombre, gold_master→fuente_canonica"
00_CORE\ALERTA-Isabel_Muentes.md,00_CORE,ERROR,523,True,alerta-territorial,False,5,3,territorio | dimension_tgi | estado,tipo→tipo_nota | name→nombre | gold_master→fuente_canonica,"tipo_nota desconocido: 'alerta-territorial' | Faltan 3 campos: territorio, dimension_tgi, estado | Aliases no canónicos: tipo→tipo_nota, name→nombre, gold_master→fuente_canonica"
00_CORE\ALERTA-Regresividad_IRS79.md,00_CORE,ERROR,689,True,alerta-metodologica,False,5,3,territorio | dimension_tgi | estado,tipo→tipo_nota | name→nombre | gold_master→fuente_canonica,"tipo_nota desconocido: 'alerta-metodologica' | Faltan 3 campos: territorio, dimension_tgi, estado | Aliases no canónicos: tipo→tipo_nota, name→nombre, gold_master→fuente_canonica"
00_CORE\MOTOR_00_Arquitectura_Logica.md,00_CORE,ERROR,992,True,motor-arquitectura,False,5,3,territorio | dimension_tgi | estado,tipo→tipo_nota | name→nombre | gold_master→fuente_canonica,"tipo_nota desconocido: 'motor-arquitectura' | Faltan 3 campos: territorio, dimension_tgi, estado | Aliases no canónicos: tipo→tipo_nota, name→nombre, gold_master→fuente_canonica"
00_CORE\MOTOR_01_Silos_Epistemicos.md,00_CORE,ERROR,1196,True,motor-silos,False,5,3,territorio | dimension_tgi | estado,tipo→tipo_nota | name→nombre | gold_master→fuente_canonica,"tipo_nota desconocido: 'motor-silos' | Faltan 3 campos: territorio, dimension_tgi, estado | Aliases no canónicos: tipo→tipo_nota, name→nombre, gold_master→fuente_canonica"
00_CORE\MOTOR_02_Fuentes_Institucionales.md,00_CORE,ERROR,1072,True,motor-fuentes,False,5,3,territorio | dimension_tgi | estado,tipo→tipo_nota | name→nombre | gold_master→fuente_canonica,"tipo_nota desconocido: 'motor-fuentes' | Faltan 3 campos: territorio, dimension_tgi, estado | Aliases no canónicos: tipo→tipo_nota, name→nombre, gold_master→fuente_canonica"
00_CORE\MOTOR_03_Dialectica.md,00_CORE,ERROR,949,True,motor-dialectica,False,5,3,territorio | dimension_tgi | estado,tipo→tipo_nota | name→nombre | gold_master→fuente_canonica,"tipo_nota desconocido: 'motor-dialectica' | Faltan 3 campos: territorio, dimension_tgi, estado | Aliases no canónicos: tipo→tipo_nota, name→nombre, gold_master→fuente_canonica"
00_CORE\MOTOR_04_Ecosistema_Digital.md,00_CORE,ERROR,1672,True,motor-ecosistema,False,5,3,territorio | dimension_tgi | estado,tipo→tipo_nota | name→nombre | gold_master→fuente_canonica,"tipo_nota desconocido: 'motor-ecosistema' | Faltan 3 campos: territorio, dimension_tgi, estado | Aliases no canónicos: tipo→tipo_nota, name→nombre, gold_master→fuente_canonica"
00_CORE\QUIRA_OS_Ontologia.md,00_CORE,ERROR,1430,True,ontologia-canonica,False,5,3,territorio | dimension_tgi | estado,tipo→tipo_nota | name→nombre | gold_master→fuente_canonica,"tipo_nota desconocido: 'ontologia-canonica' | Faltan 3 campos: territorio, dimension_tgi, estado | Aliases no canónicos: tipo→tipo_nota, name→nombre, gold_master→fuente_canonica"
00_Dashboard\QUIRA - Panel Principal.md,00_Dashboard,WARN,1159,True,dashboard,True,6,2,territorio | dimension_tgi,type→tipo_nota | name→nombre | etiquetas→tags | fecha_actualizacion→fecha | gold_master→fuente_canonica,"Faltan: territorio, dimension_tgi | Aliases no canónicos: type→tipo_nota, name→nombre, etiquetas→tags, fecha_actualizacion→fecha, gold_master→fuente_canonica"
01_PDOT\_Índice PDOT.md,01_PDOT,WARN,903,True,indice,True,6,2,territorio | dimension_tgi,tipo→tipo_nota | name→nombre | etiquetas→tags | fecha_creacion→fecha | fuente→fuente_canonica,"Faltan: territorio, dimension_tgi | Aliases no canónicos: tipo→tipo_nota, name→nombre, etiquetas→tags, fecha_creacion→fecha, fuente→fuente_canonica"
01_PDOT\diagnostico\ambiental\DIAG-Fisico-Ambiental.md,01_PDOT\diagnostico\ambiental,WARN,828,True,diagnostico,True,6,2,territorio | dimension_tgi,tipo→tipo_nota | name→nombre | etiquetas→tags | fecha_creacion→fecha | fuente→fuente_canonica,"Faltan: territorio, dimension_tgi | Aliases no canónicos: tipo→tipo_nota, name→nombre, etiquetas→tags, fecha_creacion→fecha, fuente→fuente_canonica"
01_PDOT\diagnostico\asentamientos\DIAG-Asentamientos-Rurales.md,01_PDOT\diagnostico\asentamientos,WARN,1044,True,diagnostico,True,6,2,territorio | dimension_tgi,tipo→tipo_nota | name→nombre | etiquetas→tags | fecha_creacion→fecha | fuente→fuente_canonica,"Faltan: territorio, dimension_tgi | Aliases no canónicos: tipo→tipo_nota, name→nombre, etiquetas→tags, fecha_creacion→fecha, fuente→fuente_canonica"
01_PDOT\diagnostico\asentamientos\DIAG-Modelo-Gestion.md,01_PDOT\diagnostico\asentamientos,WARN,939,True,propuesta,False,6,2,territorio | dimension_tgi,tipo→tipo_nota | name→nombre | etiquetas→tags | fecha_creacion→fecha | fuente→fuente_canonica,"tipo_nota desconocido: 'propuesta' | Faltan: territorio, dimension_tgi | Aliases no canónicos: tipo→tipo_nota, name→nombre, etiquetas→tags, fecha_creacion→fecha, fuente→fuente_canonica"
01_PDOT\diagnostico\asentamientos\DIAG-PUGS.md,01_PDOT\diagnostico\asentamientos,WARN,1862,True,diagnostico,True,7,1,territorio,tipo→tipo_nota | name→nombre | etiquetas→tags | fecha_creacion→fecha | gold_master→fuente_canonica,"Faltan: territorio | Aliases no canónicos: tipo→tipo_nota, name→nombre, etiquetas→tags, fecha_creacion→fecha, gold_master→fuente_canonica"
01_PDOT\diagnostico\asentamientos\DIAG-Servicios-Basicos.md,01_PDOT\diagnostico\asentamientos,WARN,811,True,diagnostico,True,6,2,territorio | dimension_tgi,tipo→tipo_nota | name→nombre | etiquetas→tags | fecha_creacion→fecha | fuente→fuente_canonica,"Faltan: territorio, dimension_tgi | Aliases no canónicos: tipo→tipo_nota, name→nombre, etiquetas→tags, fecha_creacion→fecha, fuente→fuente_canonica"
01_PDOT\diagnostico\asentamientos\DIAG-Vialidad.md,01_PDOT\diagnostico\asentamientos,WARN,708,True,diagnostico,True,6,2,territorio | dimension_tgi,tipo→tipo_nota | name→nombre | etiquetas→tags | fecha_creacion→fecha | fuente→fuente_canonica,"Faltan: territorio, dimension_tgi | Aliases no canónicos: tipo→tipo_nota, name→nombre, etiquetas→tags, fecha_creacion→fecha, fuente→fuente_canonica"
01_PDOT\diagnostico\asentamientos\DIAG-Vivienda.md,01_PDOT\diagnostico\asentamientos,WARN,593,True,diagnostico,True,6,2,territorio | dimension_tgi,tipo→tipo_nota | name→nombre | etiquetas→tags | fecha_creacion→fecha | fuente→fuente_canonica,"Faltan: territorio, dimension_tgi | Aliases no canónicos: tipo→tipo_nota, name→nombre, etiquetas→tags, fecha_creacion→fecha, fuente→fuente_canonica"
01_PDOT\diagnostico\asentamientos\PUGS_Portafolio_Proyectos.md,01_PDOT\diagnostico\asentamientos,WARN,1174,True,diagnostico-pugs,False,6,2,territorio | estado,tipo→tipo_nota | name→nombre | gold_master→fuente_canonica,"tipo_nota desconocido: 'diagnostico-pugs' | Faltan: territorio, estado | Aliases no canónicos: tipo→tipo_nota, name→nombre, gold_master→fuente_canonica"
01_PDOT\diagnostico\DIAG-Analisis-Estrategico.md,01_PDOT\diagnostico,WARN,666,True,diagnostico,True,6,2,territorio | dimension_tgi,tipo→tipo_nota | name→nombre | etiquetas→tags | fecha_creacion→fecha | fuente→fuente_canonica,"Faltan: territorio, dimension_tgi | Aliases no canónicos: tipo→tipo_nota, name→nombre, etiquetas→tags, fecha_creacion→fecha, fuente→fuente_canonica"
01_PDOT\diagnostico\economico\DIAG-Economico-Productivo.md,01_PDOT\diagnostico\economico,WARN,1172,True,diagnostico,True,6,2,territorio | dimension_tgi,tipo→tipo_nota | name→nombre | etiquetas→tags | fecha_creacion→fecha | fuente→fuente_canonica,"Faltan: territorio, dimension_tgi | Aliases no canónicos: tipo→tipo_nota, name→nombre, etiquetas→tags, fecha_creacion→fecha, fuente→fuente_canonica"
01_PDOT\diagnostico\economico\DIAG-Institucional-Financiero.md,01_PDOT\diagnostico\economico,WARN,1324,True,diagnostico,True,6,2,territorio | dimension_tgi,tipo→tipo_nota | name→nombre | etiquetas→tags | fecha_creacion→fecha | fuente→fuente_canonica,"Faltan: territorio, dimension_tgi | Aliases no canónicos: tipo→tipo_nota, name→nombre, etiquetas→tags, fecha_creacion→fecha, fuente→fuente_canonica"
01_PDOT\diagnostico\social\DIAG-Cultura-Patrimonio.md,01_PDOT\diagnostico\social,WARN,646,True,diagnostico,True,6,2,territorio | dimension_tgi,tipo→tipo_nota | name→nombre | etiquetas→tags | fecha_creacion→fecha | fuente→fuente_canonica,"Faltan: territorio, dimension_tgi | Aliases no canónicos: tipo→tipo_nota, name→nombre, etiquetas→tags, fecha_creacion→fecha, fuente→fuente_canonica"
01_PDOT\diagnostico\social\DIAG-Demografia.md,01_PDOT\diagnostico\social,WARN,1031,True,diagnostico,True,6,2,territorio | dimension_tgi,tipo→tipo_nota | name→nombre | etiquetas→tags | fecha_creacion→fecha | fuente→fuente_canonica,"Faltan: territorio, dimension_tgi | Aliases no canónicos: tipo→tipo_nota, name→nombre, etiquetas→tags, fecha_creacion→fecha, fuente→fuente_canonica"
01_PDOT\diagnostico\social\DIAG-Educacion.md,01_PDOT\diagnostico\social,WARN,482,True,diagnostico,True,6,2,territorio | dimension_tgi,tipo→tipo_nota | name→nombre | etiquetas→tags | fecha_creacion→fecha | fuente→fuente_canonica,"Faltan: territorio, dimension_tgi | Aliases no canónicos: tipo→tipo_nota, name→nombre, etiquetas→tags, fecha_creacion→fecha, fuente→fuente_canonica"
01_PDOT\diagnostico\social\DIAG-Pobreza.md,01_PDOT\diagnostico\social,WARN,527,True,diagnostico,True,6,2,territorio | dimension_tgi,tipo→tipo_nota | name→nombre | etiquetas→tags | fecha_creacion→fecha | fuente→fuente_canonica,"Faltan: territorio, dimension_tgi | Aliases no canónicos: tipo→tipo_nota, name→nombre, etiquetas→tags, fecha_creacion→fecha, fuente→fuente_canonica"
01_PDOT\diagnostico\social\DIAG-Salud.md,01_PDOT\diagnostico\social,WARN,819,True,diagnostico,True,6,2,territorio | dimension_tgi,tipo→tipo_nota | name→nombre | etiquetas→tags | fecha_creacion→fecha | fuente→fuente_canonica,"Faltan: territorio, dimension_tgi | Aliases no canónicos: tipo→tipo_nota, name→nombre, etiquetas→tags, fecha_creacion→fecha, fuente→fuente_canonica"
01_PDOT\modelo_gestion_tgi\MG-00_Indice_Modelo_Gestion.md,01_PDOT\modelo_gestion_tgi,ERROR,561,True,indice-modulo,False,4,4,territorio | dimension_tgi | fecha | estado,tipo→tipo_nota | name→nombre | gold_master→fuente_canonica,"tipo_nota desconocido: 'indice-modulo' | Faltan 4 campos: territorio, dimension_tgi, fecha, estado | Aliases no canónicos: tipo→tipo_nota, name→nombre, gold_master→fuente_canonica"
01_PDOT\modelo_gestion_tgi\MG-01_Marco_Conceptual.md,01_PDOT\modelo_gestion_tgi,ERROR,555,True,modelo-gestion,False,4,4,territorio | dimension_tgi | fecha | estado,tipo→tipo_nota | name→nombre | gold_master→fuente_canonica,"tipo_nota desconocido: 'modelo-gestion' | Faltan 4 campos: territorio, dimension_tgi, fecha, estado | Aliases no canónicos: tipo→tipo_nota, name→nombre, gold_master→fuente_canonica"
01_PDOT\modelo_gestion_tgi\MG-02_Formas_Gestion_Financiamiento.md,01_PDOT\modelo_gestion_tgi,ERROR,817,True,modelo-gestion,False,4,4,territorio | dimension_tgi | fecha | estado,tipo→tipo_nota | name→nombre | gold_master→fuente_canonica,"tipo_nota desconocido: 'modelo-gestion' | Faltan 4 campos: territorio, dimension_tgi, fecha, estado | Aliases no canónicos: tipo→tipo_nota, name→nombre, gold_master→fuente_canonica"
01_PDOT\modelo_gestion_tgi\MG-03_Responsabilidades_Herramientas.md,01_PDOT\modelo_gestion_tgi,ERROR,665,True,modelo-gestion,False,4,4,territorio | dimension_tgi | fecha | estado,tipo→tipo_nota | name→nombre | gold_master→fuente_canonica,"tipo_nota desconocido: 'modelo-gestion' | Faltan 4 campos: territorio, dimension_tgi, fecha, estado | Aliases no canónicos: tipo→tipo_nota, name→nombre, gold_master→fuente_canonica"
01_PDOT\modelo_gestion_tgi\MG-04_Estrategias_Transversales.md,01_PDOT\modelo_gestion_tgi,ERROR,1096,True,modelo-gestion,False,4,4,territorio | dimension_tgi | fecha | estado,tipo→tipo_nota | name→nombre | gold_master→fuente_canonica,"tipo_nota desconocido: 'modelo-gestion' | Faltan 4 campos: territorio, dimension_tgi, fecha, estado | Aliases no canónicos: tipo→tipo_nota, name→nombre, gold_master→fuente_canonica"
01_PDOT\modelo_gestion_tgi\MG-05_Seguimiento_Evaluacion.md,01_PDOT\modelo_gestion_tgi,ERROR,1135,True,modelo-gestion,False,4,4,territorio | dimension_tgi | fecha | estado,tipo→tipo_nota | name→nombre | gold_master→fuente_canonica,"tipo_nota desconocido: 'modelo-gestion' | Faltan 4 campos: territorio, dimension_tgi, fecha, estado | Aliases no canónicos: tipo→tipo_nota, name→nombre, gold_master→fuente_canonica"
01_PDOT\parroquias\Anibal San Andres.md,01_PDOT\parroquias,WARN,261,True,parroquia,True,6,2,territorio | dimension_tgi,tipo→tipo_nota | name→nombre | etiquetas→tags | fecha_creacion→fecha | fuente→fuente_canonica,"Faltan: territorio, dimension_tgi | Aliases no canónicos: tipo→tipo_nota, name→nombre, etiquetas→tags, fecha_creacion→fecha, fuente→fuente_canonica"
01_PDOT\parroquias\Colorado.md,01_PDOT\parroquias,WARN,187,True,parroquia,True,6,2,territorio | dimension_tgi,tipo→tipo_nota | name→nombre | etiquetas→tags | fecha_creacion→fecha | fuente→fuente_canonica,"Faltan: territorio, dimension_tgi | Aliases no canónicos: tipo→tipo_nota, name→nombre, etiquetas→tags, fecha_creacion→fecha, fuente→fuente_canonica"
01_PDOT\parroquias\General Eloy Alfaro.md,01_PDOT\parroquias,WARN,291,True,parroquia,True,6,2,territorio | dimension_tgi,tipo→tipo_nota | name→nombre | etiquetas→tags | fecha_creacion→fecha | fuente→fuente_canonica,"Faltan: territorio, dimension_tgi | Aliases no canónicos: tipo→tipo_nota, name→nombre, etiquetas→tags, fecha_creacion→fecha, fuente→fuente_canonica"
01_PDOT\parroquias\Isabel Muentes.md,01_PDOT\parroquias,WARN,267,True,parroquia,True,6,2,territorio | dimension_tgi,tipo→tipo_nota | name→nombre | etiquetas→tags | fecha_creacion→fecha | fuente→fuente_canonica,"Faltan: territorio, dimension_tgi | Aliases no canónicos: tipo→tipo_nota, name→nombre, etiquetas→tags, fecha_creacion→fecha, fuente→fuente_canonica"
01_PDOT\parroquias\La Pila.md,01_PDOT\parroquias,WARN,444,True,parroquia,True,6,2,territorio | dimension_tgi,tipo→tipo_nota | name→nombre | etiquetas→tags | fecha_creacion→fecha | fuente→fuente_canonica,"Faltan: territorio, dimension_tgi | Aliases no canónicos: tipo→tipo_nota, name→nombre, etiquetas→tags, fecha_creacion→fecha, fuente→fuente_canonica"
01_PDOT\parroquias\Leonidas Proano.md,01_PDOT\parroquias,WARN,619,True,parroquia,True,6,2,territorio | dimension_tgi,tipo→tipo_nota | name→nombre | etiquetas→tags | fecha_creacion→fecha | fuente→fuente_canonica,"Faltan: territorio, dimension_tgi | Aliases no canónicos: tipo→tipo_nota, name→nombre, etiquetas→tags, fecha_creacion→fecha, fuente→fuente_canonica"
01_PDOT\parroquias\Montecristi - Cabecera.md,01_PDOT\parroquias,WARN,432,True,parroquia,True,6,2,territorio | dimension_tgi,tipo→tipo_nota | name→nombre | etiquetas→tags | fecha_creacion→fecha | fuente→fuente_canonica,"Faltan: territorio, dimension_tgi | Aliases no canónicos: tipo→tipo_nota, name→nombre, etiquetas→tags, fecha_creacion→fecha, fuente→fuente_canonica"
01_PDOT\PDOT_Marco_Plurianual_2023_2027.md,01_PDOT,WARN,1532,True,marco-plurianual-pdot,True,6,2,territorio | estado,tipo→tipo_nota | name→nombre | gold_master→fuente_canonica,"Faltan: territorio, estado | Aliases no canónicos: tipo→tipo_nota, name→nombre, gold_master→fuente_canonica"
01_PDOT\propuesta\ARTICULACIONES_Institucionales.md,01_PDOT\propuesta,WARN,1273,True,propuesta-articulaciones,False,6,2,territorio | estado,tipo→tipo_nota | name→nombre | gold_master→fuente_canonica,"tipo_nota desconocido: 'propuesta-articulaciones' | Faltan: territorio, estado | Aliases no canónicos: tipo→tipo_nota, name→nombre, gold_master→fuente_canonica"
01_PDOT\propuesta\META-UNESCO-Ciudad-Creativa.md,01_PDOT\propuesta,WARN,1417,True,meta-pdot,False,7,1,territorio,etiquetas→tags | fecha_creacion→fecha | gold_master→fuente_canonica,"tipo_nota desconocido: 'meta-pdot' | Faltan: territorio | Aliases no canónicos: etiquetas→tags, fecha_creacion→fecha, gold_master→fuente_canonica"
01_PDOT\propuesta\PAI_PDyOT_2024_2027.md,01_PDOT\propuesta,WARN,1132,True,propuesta-pai,False,6,2,territorio | estado,tipo→tipo_nota | name→nombre | gold_master→fuente_canonica,"tipo_nota desconocido: 'propuesta-pai' | Faltan: territorio, estado | Aliases no canónicos: tipo→tipo_nota, name→nombre, gold_master→fuente_canonica"
01_PDOT\propuesta\PROP-Estrategias-Transversales.md,01_PDOT\propuesta,WARN,1563,True,propuesta,False,6,2,territorio | dimension_tgi,tipo→tipo_nota | name→nombre | etiquetas→tags | fecha_creacion→fecha | fuente→fuente_canonica,"tipo_nota desconocido: 'propuesta' | Faltan: territorio, dimension_tgi | Aliases no canónicos: tipo→tipo_nota, name→nombre, etiquetas→tags, fecha_creacion→fecha, fuente→fuente_canonica"
01_PDOT\propuesta\PROP-Modelo-Territorial-Deseado.md,01_PDOT\propuesta,WARN,1074,True,propuesta,False,6,2,territorio | dimension_tgi,tipo→tipo_nota | name→nombre | etiquetas→tags | fecha_creacion→fecha | fuente→fuente_canonica,"tipo_nota desconocido: 'propuesta' | Faltan: territorio, dimension_tgi | Aliases no canónicos: tipo→tipo_nota, name→nombre, etiquetas→tags, fecha_creacion→fecha, fuente→fuente_canonica"
01_PDOT\propuesta\PROP-Programas-Proyectos.md,01_PDOT\propuesta,WARN,1073,True,propuesta,False,6,2,territorio | dimension_tgi,tipo→tipo_nota | name→nombre | etiquetas→tags | fecha_creacion→fecha | fuente→fuente_canonica,"tipo_nota desconocido: 'propuesta' | Faltan: territorio, dimension_tgi | Aliases no canónicos: tipo→tipo_nota, name→nombre, etiquetas→tags, fecha_creacion→fecha, fuente→fuente_canonica"
01_PDOT\propuesta\PROP-Seguimiento-Evaluacion.md,01_PDOT\propuesta,WARN,1124,True,propuesta,False,6,2,territorio | dimension_tgi,tipo→tipo_nota | name→nombre | etiquetas→tags | fecha_creacion→fecha | fuente→fuente_canonica,"tipo_nota desconocido: 'propuesta' | Faltan: territorio, dimension_tgi | Aliases no canónicos: tipo→tipo_nota, name→nombre, etiquetas→tags, fecha_creacion→fecha, fuente→fuente_canonica"
01_PDOT\propuesta\PROP-Vision-Objetivos.md,01_PDOT\propuesta,WARN,754,True,propuesta,False,6,2,territorio | dimension_tgi,tipo→tipo_nota | name→nombre | etiquetas→tags | fecha_creacion→fecha | fuente→fuente_canonica,"tipo_nota desconocido: 'propuesta' | Faltan: territorio, dimension_tgi | Aliases no canónicos: tipo→tipo_nota, name→nombre, etiquetas→tags, fecha_creacion→fecha, fuente→fuente_canonica"
01_PDOT\propuesta_tgi\_Índice_Propuesta_TGI.md,01_PDOT\propuesta_tgi,ERROR,319,True,indice-modulo,False,4,4,territorio | dimension_tgi | tags | fecha,tipo→tipo_nota | name→nombre | gold_master→fuente_canonica,"tipo_nota desconocido: 'indice-modulo' | Faltan 4 campos: territorio, dimension_tgi, tags, fecha | Aliases no canónicos: tipo→tipo_nota, name→nombre, gold_master→fuente_canonica"
01_PDOT\propuesta_tgi\PROG-AH-01_Agua_Saneamiento.md,01_PDOT\propuesta_tgi,ERROR,675,True,programa_pdot,False,4,4,territorio | dimension_tgi | fecha | estado,tipo→tipo_nota | name→nombre | gold_master→fuente_canonica,"tipo_nota desconocido: 'programa_pdot' | Faltan 4 campos: territorio, dimension_tgi, fecha, estado | Aliases no canónicos: tipo→tipo_nota, name→nombre, gold_master→fuente_canonica"
01_PDOT\propuesta_tgi\PROG-AH-02_Equipamientos.md,01_PDOT\propuesta_tgi,ERROR,521,True,programa_pdot,False,4,4,territorio | dimension_tgi | fecha | estado,tipo→tipo_nota | name→nombre | gold_master→fuente_canonica,"tipo_nota desconocido: 'programa_pdot' | Faltan 4 campos: territorio, dimension_tgi, fecha, estado | Aliases no canónicos: tipo→tipo_nota, name→nombre, gold_master→fuente_canonica"
01_PDOT\propuesta_tgi\PROG-AH-03_Transito.md,01_PDOT\propuesta_tgi,ERROR,447,True,programa_pdot,False,4,4,territorio | dimension_tgi | fecha | estado,tipo→tipo_nota | name→nombre | gold_master→fuente_canonica,"tipo_nota desconocido: 'programa_pdot' | Faltan 4 campos: territorio, dimension_tgi, fecha, estado | Aliases no canónicos: tipo→tipo_nota, name→nombre, gold_master→fuente_canonica"
01_PDOT\propuesta_tgi\PROG-EP-01_Productivo_Diverso.md,01_PDOT\propuesta_tgi,ERROR,559,True,programa_pdot,False,4,4,territorio | dimension_tgi | fecha | estado,tipo→tipo_nota | name→nombre | gold_master→fuente_canonica,"tipo_nota desconocido: 'programa_pdot' | Faltan 4 campos: territorio, dimension_tgi, fecha, estado | Aliases no canónicos: tipo→tipo_nota, name→nombre, gold_master→fuente_canonica"
01_PDOT\propuesta_tgi\PROG-FA-01_Areas_Verdes.md,01_PDOT\propuesta_tgi,ERROR,638,True,programa_pdot,False,4,4,territorio | dimension_tgi | fecha | estado,tipo→tipo_nota | name→nombre | gold_master→fuente_canonica,"tipo_nota desconocido: 'programa_pdot' | Faltan 4 campos: territorio, dimension_tgi, fecha, estado | Aliases no canónicos: tipo→tipo_nota, name→nombre, gold_master→fuente_canonica"
01_PDOT\propuesta_tgi\PROG-FA-02_Gestion_Riesgo.md,01_PDOT\propuesta_tgi,ERROR,548,True,programa_pdot,False,4,4,territorio | dimension_tgi | fecha | estado,tipo→tipo_nota | name→nombre | gold_master→fuente_canonica,"tipo_nota desconocido: 'programa_pdot' | Faltan 4 campos: territorio, dimension_tgi, fecha, estado | Aliases no canónicos: tipo→tipo_nota, name→nombre, gold_master→fuente_canonica"
01_PDOT\propuesta_tgi\PROG-PI-01_Fortalecimiento_Institucional.md,01_PDOT\propuesta_tgi,ERROR,407,True,programa_pdot,False,4,4,territorio | dimension_tgi | fecha | estado,tipo→tipo_nota | name→nombre | gold_master→fuente_canonica,"tipo_nota desconocido: 'programa_pdot' | Faltan 4 campos: territorio, dimension_tgi, fecha, estado | Aliases no canónicos: tipo→tipo_nota, name→nombre, gold_master→fuente_canonica"
01_PDOT\propuesta_tgi\PROG-PI-02_Posicionamiento_Difusion.md,01_PDOT\propuesta_tgi,ERROR,342,True,programa_pdot,False,4,4,territorio | dimension_tgi | fecha | estado,tipo→tipo_nota | name→nombre | gold_master→fuente_canonica,"tipo_nota desconocido: 'programa_pdot' | Faltan 4 campos: territorio, dimension_tgi, fecha, estado | Aliases no canónicos: tipo→tipo_nota, name→nombre, gold_master→fuente_canonica"
01_PDOT\propuesta_tgi\PROG-SC-01_Salud_Integral.md,01_PDOT\propuesta_tgi,ERROR,561,True,programa_pdot,False,4,4,territorio | dimension_tgi | fecha | estado,tipo→tipo_nota | name→nombre | gold_master→fuente_canonica,"tipo_nota desconocido: 'programa_pdot' | Faltan 4 campos: territorio, dimension_tgi, fecha, estado | Aliases no canónicos: tipo→tipo_nota, name→nombre, gold_master→fuente_canonica"
01_PDOT\propuesta_tgi\PROG-SC-02_Cultura_Patrimonio.md,01_PDOT\propuesta_tgi,ERROR,501,True,programa_pdot,False,4,4,territorio | dimension_tgi | fecha | estado,tipo→tipo_nota | name→nombre | gold_master→fuente_canonica,"tipo_nota desconocido: 'programa_pdot' | Faltan 4 campos: territorio, dimension_tgi, fecha, estado | Aliases no canónicos: tipo→tipo_nota, name→nombre, gold_master→fuente_canonica"
01_PDOT\puentes_tgi\_Indice_Puentes_TGI.md,01_PDOT\puentes_tgi,ERROR,494,True,indice-modulo,False,5,3,territorio | dimension_tgi | estado,tipo→tipo_nota | name→nombre | gold_master→fuente_canonica,"tipo_nota desconocido: 'indice-modulo' | Faltan 3 campos: territorio, dimension_tgi, estado | Aliases no canónicos: tipo→tipo_nota, name→nombre, gold_master→fuente_canonica"
01_PDOT\puentes_tgi\EJE-AH_Agua_Saneamiento.md,01_PDOT\puentes_tgi,ERROR,383,True,puente-eje-tgi,False,5,3,territorio | dimension_tgi | estado,tipo→tipo_nota | name→nombre | gold_master→fuente_canonica,"tipo_nota desconocido: 'puente-eje-tgi' | Faltan 3 campos: territorio, dimension_tgi, estado | Aliases no canónicos: tipo→tipo_nota, name→nombre, gold_master→fuente_canonica"
01_PDOT\puentes_tgi\EJE-EP_Equidad_Desarrollo.md,01_PDOT\puentes_tgi,ERROR,480,True,puente-eje-tgi,False,5,3,territorio | dimension_tgi | estado,tipo→tipo_nota | name→nombre | gold_master→fuente_canonica,"tipo_nota desconocido: 'puente-eje-tgi' | Faltan 3 campos: territorio, dimension_tgi, estado | Aliases no canónicos: tipo→tipo_nota, name→nombre, gold_master→fuente_canonica"
01_PDOT\puentes_tgi\EJE-FA_Ambiente_Riesgo.md,01_PDOT\puentes_tgi,ERROR,414,True,puente-eje-tgi,False,5,3,territorio | dimension_tgi | estado,tipo→tipo_nota | name→nombre | gold_master→fuente_canonica,"tipo_nota desconocido: 'puente-eje-tgi' | Faltan 3 campos: territorio, dimension_tgi, estado | Aliases no canónicos: tipo→tipo_nota, name→nombre, gold_master→fuente_canonica"
01_PDOT\puentes_tgi\EJE-PI_Institucional_Ejecucion.md,01_PDOT\puentes_tgi,ERROR,469,True,puente-eje-tgi,False,5,3,territorio | dimension_tgi | estado,tipo→tipo_nota | name→nombre | gold_master→fuente_canonica,"tipo_nota desconocido: 'puente-eje-tgi' | Faltan 3 campos: territorio, dimension_tgi, estado | Aliases no canónicos: tipo→tipo_nota, name→nombre, gold_master→fuente_canonica"
02_NORMATIVA\01_CONSTITUCION\_Indice_Constitucion.md,02_NORMATIVA\01_CONSTITUCION,ERROR,810,True,indice-modulo,False,5,3,territorio | dimension_tgi | fuente_canonica,tipo→tipo_nota | name→nombre,"tipo_nota desconocido: 'indice-modulo' | Faltan 3 campos: territorio, dimension_tgi, fuente_canonica | Aliases no canónicos: tipo→tipo_nota, name→nombre"
02_NORMATIVA\01_CONSTITUCION\CONST-Buen-Vivir-Servicios-Ambiente.md,02_NORMATIVA\01_CONSTITUCION,WARN,1478,True,normativa-constitucional,False,6,2,territorio | estado,tipo→tipo_nota | name→nombre | gold_master→fuente_canonica,"tipo_nota desconocido: 'normativa-constitucional' | Faltan: territorio, estado | Aliases no canónicos: tipo→tipo_nota, name→nombre, gold_master→fuente_canonica"
02_NORMATIVA\01_CONSTITUCION\CONST-Competencias-Municipales.md,02_NORMATIVA\01_CONSTITUCION,WARN,1691,True,normativa-constitucional,False,6,2,territorio | estado,tipo→tipo_nota | name→nombre | gold_master→fuente_canonica,"tipo_nota desconocido: 'normativa-constitucional' | Faltan: territorio, estado | Aliases no canónicos: tipo→tipo_nota, name→nombre, gold_master→fuente_canonica"
02_NORMATIVA\01_CONSTITUCION\CONST-Planificacion-Presupuesto.md,02_NORMATIVA\01_CONSTITUCION,WARN,1355,True,normativa-constitucional,False,6,2,territorio | estado,tipo→tipo_nota | name→nombre | gold_master→fuente_canonica,"tipo_nota desconocido: 'normativa-constitucional' | Faltan: territorio, estado | Aliases no canónicos: tipo→tipo_nota, name→nombre, gold_master→fuente_canonica"
02_NORMATIVA\01_CONSTITUCION\CONST-Principios-Estado-GAD.md,02_NORMATIVA\01_CONSTITUCION,WARN,1155,True,normativa-constitucional,False,6,2,territorio | estado,tipo→tipo_nota | name→nombre | gold_master→fuente_canonica,"tipo_nota desconocido: 'normativa-constitucional' | Faltan: territorio, estado | Aliases no canónicos: tipo→tipo_nota, name→nombre, gold_master→fuente_canonica"
02_NORMATIVA\02_COOTAD\_Indice_COOTAD.md,02_NORMATIVA\02_COOTAD,ERROR,1003,True,indice-modulo,False,5,3,territorio | dimension_tgi | fuente_canonica,tipo→tipo_nota | name→nombre,"tipo_nota desconocido: 'indice-modulo' | Faltan 3 campos: territorio, dimension_tgi, fuente_canonica | Aliases no canónicos: tipo→tipo_nota, name→nombre"
02_NORMATIVA\02_COOTAD\COOTAD-Competencias-Sectoriales.md,02_NORMATIVA\02_COOTAD,WARN,1637,True,normativa-cootad,False,6,2,territorio | estado,tipo→tipo_nota | name→nombre | gold_master→fuente_canonica,"tipo_nota desconocido: 'normativa-cootad' | Faltan: territorio, estado | Aliases no canónicos: tipo→tipo_nota, name→nombre, gold_master→fuente_canonica"
02_NORMATIVA\02_COOTAD\COOTAD-Planificacion-Participativa.md,02_NORMATIVA\02_COOTAD,WARN,1571,True,normativa-cootad,False,6,2,territorio | estado,tipo→tipo_nota | name→nombre | gold_master→fuente_canonica,"tipo_nota desconocido: 'normativa-cootad' | Faltan: territorio, estado | Aliases no canónicos: tipo→tipo_nota, name→nombre, gold_master→fuente_canonica"
02_NORMATIVA\02_COOTAD\COOTAD-Principios-GAD-Municipal.md,02_NORMATIVA\02_COOTAD,WARN,2002,True,normativa-cootad,False,6,2,territorio | estado,tipo→tipo_nota | name→nombre | gold_master→fuente_canonica,"tipo_nota desconocido: 'normativa-cootad' | Faltan: territorio, estado | Aliases no canónicos: tipo→tipo_nota, name→nombre, gold_master→fuente_canonica"
02_NORMATIVA\02_COOTAD\COOTAD-Recursos-Presupuesto.md,02_NORMATIVA\02_COOTAD,WARN,1521,True,normativa-cootad,False,6,2,territorio | estado,tipo→tipo_nota | name→nombre | gold_master→fuente_canonica,"tipo_nota desconocido: 'normativa-cootad' | Faltan: territorio, estado | Aliases no canónicos: tipo→tipo_nota, name→nombre, gold_master→fuente_canonica"
02_NORMATIVA\02_COOTAD\COOTAD-Reforma-2026-Inversion.md,02_NORMATIVA\02_COOTAD,WARN,1380,True,normativa-reforma-cootad,False,6,2,territorio | estado,tipo→tipo_nota | name→nombre | gold_master→fuente_canonica,"tipo_nota desconocido: 'normativa-reforma-cootad' | Faltan: territorio, estado | Aliases no canónicos: tipo→tipo_nota, name→nombre, gold_master→fuente_canonica"
02_NORMATIVA\03_COPFP\_Indice_CPFP.md,02_NORMATIVA\03_COPFP,ERROR,971,True,indice-modulo,False,5,3,territorio | dimension_tgi | fuente_canonica,tipo→tipo_nota | name→nombre,"tipo_nota desconocido: 'indice-modulo' | Faltan 3 campos: territorio, dimension_tgi, fuente_canonica | Aliases no canónicos: tipo→tipo_nota, name→nombre"
02_NORMATIVA\03_COPFP\CPFP-Ciclo-Presupuestario.md,02_NORMATIVA\03_COPFP,WARN,2078,True,normativa-cpfp,False,6,2,territorio | estado,tipo→tipo_nota | name→nombre | gold_master→fuente_canonica,"tipo_nota desconocido: 'normativa-cpfp' | Faltan: territorio, estado | Aliases no canónicos: tipo→tipo_nota, name→nombre, gold_master→fuente_canonica"
02_NORMATIVA\03_COPFP\CPFP-PDyOT-GADs-Montecristi.md,02_NORMATIVA\03_COPFP,WARN,2130,True,normativa-cpfp,False,6,2,territorio | estado,tipo→tipo_nota | name→nombre | gold_master→fuente_canonica,"tipo_nota desconocido: 'normativa-cpfp' | Faltan: territorio, estado | Aliases no canónicos: tipo→tipo_nota, name→nombre, gold_master→fuente_canonica"
02_NORMATIVA\04_REGLAMENTO_COPFP\_Indice_Reglamento_CPFP.md,02_NORMATIVA\04_REGLAMENTO_COPFP,ERROR,433,True,indice-modulo,False,5,3,territorio | dimension_tgi | fuente_canonica,tipo→tipo_nota | name→nombre,"tipo_nota desconocido: 'indice-modulo' | Faltan 3 campos: territorio, dimension_tgi, fuente_canonica | Aliases no canónicos: tipo→tipo_nota, name→nombre"
02_NORMATIVA\04_REGLAMENTO_COPFP\REGLAMENTO-CPFP-Planificacion.md,02_NORMATIVA\04_REGLAMENTO_COPFP,WARN,1573,True,normativa-reglamento-cpfp,False,6,2,territorio | estado,tipo→tipo_nota | name→nombre | gold_master→fuente_canonica,"tipo_nota desconocido: 'normativa-reglamento-cpfp' | Faltan: territorio, estado | Aliases no canónicos: tipo→tipo_nota, name→nombre, gold_master→fuente_canonica"
02_NORMATIVA\04_REGLAMENTO_COPFP\REGLAMENTO-CPFP-Presupuesto.md,02_NORMATIVA\04_REGLAMENTO_COPFP,WARN,1631,True,normativa-reglamento-cpfp,False,6,2,territorio | estado,tipo→tipo_nota | name→nombre | gold_master→fuente_canonica,"tipo_nota desconocido: 'normativa-reglamento-cpfp' | Faltan: territorio, estado | Aliases no canónicos: tipo→tipo_nota, name→nombre, gold_master→fuente_canonica"
02_NORMATIVA\05_LOSNCP\_Indice_LOSNCP.md,02_NORMATIVA\05_LOSNCP,ERROR,528,True,indice-modulo,False,5,3,territorio | dimension_tgi | fuente_canonica,tipo→tipo_nota | name→nombre,"tipo_nota desconocido: 'indice-modulo' | Faltan 3 campos: territorio, dimension_tgi, fuente_canonica | Aliases no canónicos: tipo→tipo_nota, name→nombre"
02_NORMATIVA\05_LOSNCP\LOSNCP-Contratacion-Publica.md,02_NORMATIVA\05_LOSNCP,WARN,1919,True,normativa-losncp,False,6,2,territorio | estado,tipo→tipo_nota | name→nombre | gold_master→fuente_canonica,"tipo_nota desconocido: 'normativa-losncp' | Faltan: territorio, estado | Aliases no canónicos: tipo→tipo_nota, name→nombre, gold_master→fuente_canonica"
02_NORMATIVA\06_REGLAMENTO_LOSNCP\_Indice_Reglamento_LOSNCP.md,02_NORMATIVA\06_REGLAMENTO_LOSNCP,ERROR,432,True,indice-modulo,False,5,3,territorio | dimension_tgi | fuente_canonica,tipo→tipo_nota | name→nombre,"tipo_nota desconocido: 'indice-modulo' | Faltan 3 campos: territorio, dimension_tgi, fuente_canonica | Aliases no canónicos: tipo→tipo_nota, name→nombre"
02_NORMATIVA\06_REGLAMENTO_LOSNCP\REGLAMENTO-LOSNCP-Contratacion.md,02_NORMATIVA\06_REGLAMENTO_LOSNCP,WARN,1851,True,normativa-reglamento-losncp,False,6,2,territorio | estado,tipo→tipo_nota | name→nombre | gold_master→fuente_canonica,"tipo_nota desconocido: 'normativa-reglamento-losncp' | Faltan: territorio, estado | Aliases no canónicos: tipo→tipo_nota, name→nombre, gold_master→fuente_canonica"
02_NORMATIVA\07_LOSEP\_Indice_LOSEP.md,02_NORMATIVA\07_LOSEP,ERROR,522,True,indice-modulo,False,5,3,territorio | dimension_tgi | fuente_canonica,tipo→tipo_nota | name→nombre,"tipo_nota desconocido: 'indice-modulo' | Faltan 3 campos: territorio, dimension_tgi, fuente_canonica | Aliases no canónicos: tipo→tipo_nota, name→nombre"
02_NORMATIVA\07_LOSEP\LOSEP-Talento-Humano-Desempeno.md,02_NORMATIVA\07_LOSEP,WARN,2263,True,normativa-losep,False,6,2,territorio | estado,tipo→tipo_nota | name→nombre | gold_master→fuente_canonica,"tipo_nota desconocido: 'normativa-losep' | Faltan: territorio, estado | Aliases no canónicos: tipo→tipo_nota, name→nombre, gold_master→fuente_canonica"
02_NORMATIVA\08_REGLAMENTO_LOSEP\_Indice_Reglamento_LOSEP.md,02_NORMATIVA\08_REGLAMENTO_LOSEP,ERROR,327,True,indice-modulo,False,5,3,territorio | dimension_tgi | fuente_canonica,tipo→tipo_nota | name→nombre,"tipo_nota desconocido: 'indice-modulo' | Faltan 3 campos: territorio, dimension_tgi, fuente_canonica | Aliases no canónicos: tipo→tipo_nota, name→nombre"
02_NORMATIVA\08_REGLAMENTO_LOSEP\REGLAMENTO-LOSEP-Evaluacion-Seleccion.md,02_NORMATIVA\08_REGLAMENTO_LOSEP,WARN,1713,True,normativa-reglamento-losep,False,6,2,territorio | estado,tipo→tipo_nota | name→nombre | gold_master→fuente_canonica,"tipo_nota desconocido: 'normativa-reglamento-losep' | Faltan: territorio, estado | Aliases no canónicos: tipo→tipo_nota, name→nombre, gold_master→fuente_canonica"
02_NORMATIVA\09_COA\_Indice_COA.md,02_NORMATIVA\09_COA,ERROR,443,True,indice-modulo,False,5,3,territorio | dimension_tgi | fuente_canonica,tipo→tipo_nota | name→nombre,"tipo_nota desconocido: 'indice-modulo' | Faltan 3 campos: territorio, dimension_tgi, fuente_canonica | Aliases no canónicos: tipo→tipo_nota, name→nombre"
02_NORMATIVA\09_COA\COA-Gestion-Ambiental-GAD-Municipal.md,02_NORMATIVA\09_COA,WARN,2234,True,normativa-coa,False,6,2,territorio | estado,tipo→tipo_nota | name→nombre | gold_master→fuente_canonica,"tipo_nota desconocido: 'normativa-coa' | Faltan: territorio, estado | Aliases no canónicos: tipo→tipo_nota, name→nombre, gold_master→fuente_canonica"
02_NORMATIVA\10_REGLAMENTO_COA\_Indice_Reglamento_COA.md,02_NORMATIVA\10_REGLAMENTO_COA,ERROR,283,True,indice-modulo,False,5,3,territorio | dimension_tgi | fuente_canonica,tipo→tipo_nota | name→nombre,"tipo_nota desconocido: 'indice-modulo' | Faltan 3 campos: territorio, dimension_tgi, fuente_canonica | Aliases no canónicos: tipo→tipo_nota, name→nombre"
02_NORMATIVA\10_REGLAMENTO_COA\REGLAMENTO-COA-EIA-Territorial.md,02_NORMATIVA\10_REGLAMENTO_COA,WARN,1163,True,normativa-reglamento-coa,False,6,2,territorio | estado,tipo→tipo_nota | name→nombre | gold_master→fuente_canonica,"tipo_nota desconocido: 'normativa-reglamento-coa' | Faltan: territorio, estado | Aliases no canónicos: tipo→tipo_nota, name→nombre, gold_master→fuente_canonica"
02_NORMATIVA\11_LOTAIP\_Indice_LOTAIP.md,02_NORMATIVA\11_LOTAIP,ERROR,447,True,indice-modulo,False,5,3,territorio | dimension_tgi | fuente_canonica,tipo→tipo_nota | name→nombre,"tipo_nota desconocido: 'indice-modulo' | Faltan 3 campos: territorio, dimension_tgi, fuente_canonica | Aliases no canónicos: tipo→tipo_nota, name→nombre"
02_NORMATIVA\11_LOTAIP\LOTAIP-Transparencia-GAD.md,02_NORMATIVA\11_LOTAIP,WARN,2242,True,normativa-lotaip,False,6,2,territorio | estado,tipo→tipo_nota | name→nombre | gold_master→fuente_canonica,"tipo_nota desconocido: 'normativa-lotaip' | Faltan: territorio, estado | Aliases no canónicos: tipo→tipo_nota, name→nombre, gold_master→fuente_canonica"
02_NORMATIVA\12_REGLAMENTO_LOTAIP\_Indice_Reglamento_LOTAIP.md,02_NORMATIVA\12_REGLAMENTO_LOTAIP,ERROR,448,True,indice-modulo,False,5,3,territorio | dimension_tgi | fuente_canonica,tipo→tipo_nota | name→nombre,"tipo_nota desconocido: 'indice-modulo' | Faltan 3 campos: territorio, dimension_tgi, fuente_canonica | Aliases no canónicos: tipo→tipo_nota, name→nombre"
02_NORMATIVA\12_REGLAMENTO_LOTAIP\REGLAMENTO-LOTAIP-Comites-Transparencia.md,02_NORMATIVA\12_REGLAMENTO_LOTAIP,WARN,2084,True,normativa-reglamento-lotaip,False,6,2,territorio | estado,tipo→tipo_nota | name→nombre | gold_master→fuente_canonica,"tipo_nota desconocido: 'normativa-reglamento-lotaip' | Faltan: territorio, estado | Aliases no canónicos: tipo→tipo_nota, name→nombre, gold_master→fuente_canonica"
02_NORMATIVA\13_GUIAS_LOTAIP\_Indice_Guias_LOTAIP.md,02_NORMATIVA\13_GUIAS_LOTAIP,ERROR,474,True,indice-modulo,False,5,3,territorio | dimension_tgi | fuente_canonica,tipo→tipo_nota | name→nombre,"tipo_nota desconocido: 'indice-modulo' | Faltan 3 campos: territorio, dimension_tgi, fuente_canonica | Aliases no canónicos: tipo→tipo_nota, name→nombre"
02_NORMATIVA\13_GUIAS_LOTAIP\GUIAS-LOTAIP-Cumplimiento-Metodologia.md,02_NORMATIVA\13_GUIAS_LOTAIP,WARN,2363,True,normativa-guia-lotaip,False,6,2,territorio | estado,tipo→tipo_nota | name→nombre | gold_master→fuente_canonica,"tipo_nota desconocido: 'normativa-guia-lotaip' | Faltan: territorio, estado | Aliases no canónicos: tipo→tipo_nota, name→nombre, gold_master→fuente_canonica"
02_NORMATIVA\14_LOPC\_Indice_LOPC.md,02_NORMATIVA\14_LOPC,ERROR,605,True,indice-modulo,False,5,3,territorio | dimension_tgi | fuente_canonica,tipo→tipo_nota | name→nombre,"tipo_nota desconocido: 'indice-modulo' | Faltan 3 campos: territorio, dimension_tgi, fuente_canonica | Aliases no canónicos: tipo→tipo_nota, name→nombre"
02_NORMATIVA\14_LOPC\LOPC-Participacion-Presupuesto-Rendicion.md,02_NORMATIVA\14_LOPC,WARN,3098,True,normativa-ley-lopc,False,6,2,territorio | estado,tipo→tipo_nota | name→nombre | gold_master→fuente_canonica,"tipo_nota desconocido: 'normativa-ley-lopc' | Faltan: territorio, estado | Aliases no canónicos: tipo→tipo_nota, name→nombre, gold_master→fuente_canonica"
02_NORMATIVA\15_LOTUGS\_Indice_LOTUGS.md,02_NORMATIVA\15_LOTUGS,WARN,634,True,indice-capa,False,6,2,territorio | estado,tipo→tipo_nota | name→nombre | gold_master→fuente_canonica,"tipo_nota desconocido: 'indice-capa' | Faltan: territorio, estado | Aliases no canónicos: tipo→tipo_nota, name→nombre, gold_master→fuente_canonica"
02_NORMATIVA\15_LOTUGS\LOTUGS-Ordenamiento-Territorial-Suelo.md,02_NORMATIVA\15_LOTUGS,WARN,2571,True,normativa-ley-lotugs,False,6,2,territorio | estado,tipo→tipo_nota | name→nombre | gold_master→fuente_canonica,"tipo_nota desconocido: 'normativa-ley-lotugs' | Faltan: territorio, estado | Aliases no canónicos: tipo→tipo_nota, name→nombre, gold_master→fuente_canonica"
02_NORMATIVA\16_COAD\_Indice_COAD.md,02_NORMATIVA\16_COAD,WARN,742,True,indice-capa,False,6,2,territorio | estado,tipo→tipo_nota | name→nombre | gold_master→fuente_canonica,"tipo_nota desconocido: 'indice-capa' | Faltan: territorio, estado | Aliases no canónicos: tipo→tipo_nota, name→nombre, gold_master→fuente_canonica"
02_NORMATIVA\16_COAD\COAD-Procedimiento-Administrativo.md,02_NORMATIVA\16_COAD,WARN,2192,True,normativa-codigo-administrativo,False,6,2,territorio | estado,tipo→tipo_nota | name→nombre | gold_master→fuente_canonica,"tipo_nota desconocido: 'normativa-codigo-administrativo' | Faltan: territorio, estado | Aliases no canónicos: tipo→tipo_nota, name→nombre, gold_master→fuente_canonica"
02_NORMATIVA\17_LOIPEVM\_Indice_LOIPEVM.md,02_NORMATIVA\17_LOIPEVM,WARN,713,True,indice-capa,False,6,2,territorio | estado,tipo→tipo_nota | name→nombre | gold_master→fuente_canonica,"tipo_nota desconocido: 'indice-capa' | Faltan: territorio, estado | Aliases no canónicos: tipo→tipo_nota, name→nombre, gold_master→fuente_canonica"
02_NORMATIVA\17_LOIPEVM\LOIPEVM-Violencia-Mujeres-GAD.md,02_NORMATIVA\17_LOIPEVM,WARN,2199,True,normativa-ley-loipevm,False,6,2,territorio | estado,tipo→tipo_nota | name→nombre | gold_master→fuente_canonica,"tipo_nota desconocido: 'normativa-ley-loipevm' | Faltan: territorio, estado | Aliases no canónicos: tipo→tipo_nota, name→nombre, gold_master→fuente_canonica"
02_NORMATIVA\18_LEY_ECONOMIA_MUJERES\_Indice_Ley_Economia_Mujeres.md,02_NORMATIVA\18_LEY_ECONOMIA_MUJERES,WARN,719,True,indice-capa,False,6,2,territorio | estado,tipo→tipo_nota | name→nombre | gold_master→fuente_canonica,"tipo_nota desconocido: 'indice-capa' | Faltan: territorio, estado | Aliases no canónicos: tipo→tipo_nota, name→nombre, gold_master→fuente_canonica"
02_NORMATIVA\18_LEY_ECONOMIA_MUJERES\LEY-ECONOMIA-MUJERES-Emprendimiento.md,02_NORMATIVA\18_LEY_ECONOMIA_MUJERES,WARN,1741,True,normativa-ley-economia-mujeres,False,6,2,territorio | estado,tipo→tipo_nota | name→nombre | gold_master→fuente_canonica,"tipo_nota desconocido: 'normativa-ley-economia-mujeres' | Faltan: territorio, estado | Aliases no canónicos: tipo→tipo_nota, name→nombre, gold_master→fuente_canonica"
02_NORMATIVA\19_CODIGO_DEMOCRACIA\_Indice_Codigo_Democracia.md,02_NORMATIVA\19_CODIGO_DEMOCRACIA,WARN,358,True,indice-modulo,False,6,2,territorio | estado,tipo→tipo_nota | name→nombre | gold_master→fuente_canonica,"tipo_nota desconocido: 'indice-modulo' | Faltan: territorio, estado | Aliases no canónicos: tipo→tipo_nota, name→nombre, gold_master→fuente_canonica"
02_NORMATIVA\19_CODIGO_DEMOCRACIA\CODIGO-DEMOCRACIA-Electoral-Participacion.md,02_NORMATIVA\19_CODIGO_DEMOCRACIA,WARN,1181,True,nota-normativa,False,6,2,territorio | estado,tipo→tipo_nota | name→nombre | gold_master→fuente_canonica,"tipo_nota desconocido: 'nota-normativa' | Faltan: territorio, estado | Aliases no canónicos: tipo→tipo_nota, name→nombre, gold_master→fuente_canonica"
02_NORMATIVA\20_NORMAS_CGE\_Indice_Normas_CGE.md,02_NORMATIVA\20_NORMAS_CGE,WARN,442,True,indice-modulo,False,6,2,territorio | estado,tipo→tipo_nota | name→nombre | gold_master→fuente_canonica,"tipo_nota desconocido: 'indice-modulo' | Faltan: territorio, estado | Aliases no canónicos: tipo→tipo_nota, name→nombre, gold_master→fuente_canonica"
02_NORMATIVA\20_NORMAS_CGE\NORMAS-CGE-Control-Interno.md,02_NORMATIVA\20_NORMAS_CGE,WARN,1530,True,nota-normativa,False,6,2,territorio | estado,tipo→tipo_nota | name→nombre | gold_master→fuente_canonica,"tipo_nota desconocido: 'nota-normativa' | Faltan: territorio, estado | Aliases no canónicos: tipo→tipo_nota, name→nombre, gold_master→fuente_canonica"
02_NORMATIVA\21_LEY_TRANSFORMACION_DIGITAL\_Indice_Ley_Transformacion_Digital.md,02_NORMATIVA\21_LEY_TRANSFORMACION_DIGITAL,WARN,455,True,indice-modulo,False,6,2,territorio | estado,tipo→tipo_nota | name→nombre | gold_master→fuente_canonica,"tipo_nota desconocido: 'indice-modulo' | Faltan: territorio, estado | Aliases no canónicos: tipo→tipo_nota, name→nombre, gold_master→fuente_canonica"
02_NORMATIVA\21_LEY_TRANSFORMACION_DIGITAL\LEY-TRANSFORMACION-DIGITAL.md,02_NORMATIVA\21_LEY_TRANSFORMACION_DIGITAL,WARN,1597,True,nota-normativa,False,6,2,territorio | estado,tipo→tipo_nota | name→nombre | gold_master→fuente_canonica,"tipo_nota desconocido: 'nota-normativa' | Faltan: territorio, estado | Aliases no canónicos: tipo→tipo_nota, name→nombre, gold_master→fuente_canonica"
02_NORMATIVA\22_RESOLUCION_CPCCS_RDC\_Indice_Reglamento_RDC.md,02_NORMATIVA\22_RESOLUCION_CPCCS_RDC,WARN,491,True,indice-modulo,False,6,2,territorio | estado,tipo→tipo_nota | name→nombre | gold_master→fuente_canonica,"tipo_nota desconocido: 'indice-modulo' | Faltan: territorio, estado | Aliases no canónicos: tipo→tipo_nota, name→nombre, gold_master→fuente_canonica"
02_NORMATIVA\22_RESOLUCION_CPCCS_RDC\REGLAMENTO-RDC-CPCCS-2026.md,02_NORMATIVA\22_RESOLUCION_CPCCS_RDC,WARN,1596,True,nota-normativa,False,6,2,territorio | estado,tipo→tipo_nota | name→nombre | gold_master→fuente_canonica,"tipo_nota desconocido: 'nota-normativa' | Faltan: territorio, estado | Aliases no canónicos: tipo→tipo_nota, name→nombre, gold_master→fuente_canonica"
02_NORMATIVA\_Indice_Normativa.md,02_NORMATIVA,ERROR,2371,True,indice-maestro,False,5,3,territorio | dimension_tgi | fuente_canonica,tipo→tipo_nota | name→nombre,"tipo_nota desconocido: 'indice-maestro' | Faltan 3 campos: territorio, dimension_tgi, fuente_canonica | Aliases no canónicos: tipo→tipo_nota, name→nombre"
03_CPFP\_Índice CPFP.md,03_CPFP,ERROR,667,True,indice,True,5,3,territorio | dimension_tgi | fuente_canonica,tipo→tipo_nota | name→nombre | etiquetas→tags | fecha_creacion→fecha,"Faltan 3 campos: territorio, dimension_tgi, fuente_canonica | Aliases no canónicos: tipo→tipo_nota, name→nombre, etiquetas→tags, fecha_creacion→fecha"
03_CPFP\CPFP-Disposiciones-Generales.md,03_CPFP,WARN,1042,True,norma-curada,False,6,2,territorio | dimension_tgi,tipo→tipo_nota | name→nombre | etiquetas→tags | fecha_creacion→fecha | fuente→fuente_canonica,"tipo_nota desconocido: 'norma-curada' | Faltan: territorio, dimension_tgi | Aliases no canónicos: tipo→tipo_nota, name→nombre, etiquetas→tags, fecha_creacion→fecha, fuente→fuente_canonica"
03_CPFP\CPFP-Inversion-Publica-Banco-Proyectos.md,03_CPFP,WARN,1326,True,norma-curada,False,6,2,territorio | dimension_tgi,tipo→tipo_nota | name→nombre | etiquetas→tags | fecha_creacion→fecha | fuente→fuente_canonica,"tipo_nota desconocido: 'norma-curada' | Faltan: territorio, dimension_tgi | Aliases no canónicos: tipo→tipo_nota, name→nombre, etiquetas→tags, fecha_creacion→fecha, fuente→fuente_canonica"
03_CPFP\CPFP-PDyOT-GADs-Montecristi.md,03_CPFP,WARN,1404,True,norma-curada,False,6,2,territorio | dimension_tgi,tipo→tipo_nota | name→nombre | etiquetas→tags | fecha_creacion→fecha | fuente→fuente_canonica,"tipo_nota desconocido: 'norma-curada' | Faltan: territorio, dimension_tgi | Aliases no canónicos: tipo→tipo_nota, name→nombre, etiquetas→tags, fecha_creacion→fecha, fuente→fuente_canonica"
03_CPFP\CPFP-Sistema-Planificacion-Participativa.md,03_CPFP,WARN,1261,True,norma-curada,False,6,2,territorio | dimension_tgi,tipo→tipo_nota | name→nombre | etiquetas→tags | fecha_creacion→fecha | fuente→fuente_canonica,"tipo_nota desconocido: 'norma-curada' | Faltan: territorio, dimension_tgi | Aliases no canónicos: tipo→tipo_nota, name→nombre, etiquetas→tags, fecha_creacion→fecha, fuente→fuente_canonica"
04_Constitucion\_Índice Constitucion.md,04_Constitucion,ERROR,1161,True,indice,True,5,3,territorio | dimension_tgi | fuente_canonica,tipo→tipo_nota | name→nombre | etiquetas→tags | fecha_creacion→fecha,"Faltan 3 campos: territorio, dimension_tgi, fuente_canonica | Aliases no canónicos: tipo→tipo_nota, name→nombre, etiquetas→tags, fecha_creacion→fecha"
04_Constitucion\CONST-Titulo-I-Estado.md,04_Constitucion,WARN,712,True,normativa,True,6,2,territorio | dimension_tgi,tipo→tipo_nota | name→nombre | etiquetas→tags | fecha_creacion→fecha | fuente→fuente_canonica,"Faltan: territorio, dimension_tgi | Aliases no canónicos: tipo→tipo_nota, name→nombre, etiquetas→tags, fecha_creacion→fecha, fuente→fuente_canonica"
04_Constitucion\CONST-Titulo-II-Derechos.md,04_Constitucion,WARN,1676,True,normativa,True,6,2,territorio | dimension_tgi,tipo→tipo_nota | name→nombre | etiquetas→tags | fecha_creacion→fecha | fuente→fuente_canonica,"Faltan: territorio, dimension_tgi | Aliases no canónicos: tipo→tipo_nota, name→nombre, etiquetas→tags, fecha_creacion→fecha, fuente→fuente_canonica"
04_Constitucion\CONST-Titulo-V-Organizacion-Territorial.md,04_Constitucion,WARN,1787,True,normativa,True,6,2,territorio | dimension_tgi,tipo→tipo_nota | name→nombre | etiquetas→tags | fecha_creacion→fecha | fuente→fuente_canonica,"Faltan: territorio, dimension_tgi | Aliases no canónicos: tipo→tipo_nota, name→nombre, etiquetas→tags, fecha_creacion→fecha, fuente→fuente_canonica"
04_Constitucion\CONST-Titulo-VI-Regimen-Desarrollo.md,04_Constitucion,WARN,1494,True,normativa,True,6,2,territorio | dimension_tgi,tipo→tipo_nota | name→nombre | etiquetas→tags | fecha_creacion→fecha | fuente→fuente_canonica,"Faltan: territorio, dimension_tgi | Aliases no canónicos: tipo→tipo_nota, name→nombre, etiquetas→tags, fecha_creacion→fecha, fuente→fuente_canonica"
04_Constitucion\CONST-Titulo-VII-Buen-Vivir.md,04_Constitucion,WARN,2960,True,normativa,True,6,2,territorio | dimension_tgi,tipo→tipo_nota | name→nombre | etiquetas→tags | fecha_creacion→fecha | fuente→fuente_canonica,"Faltan: territorio, dimension_tgi | Aliases no canónicos: tipo→tipo_nota, name→nombre, etiquetas→tags, fecha_creacion→fecha, fuente→fuente_canonica"
05_COOTAD\_Índice COOTAD.md,05_COOTAD,ERROR,1143,True,indice,True,5,3,territorio | dimension_tgi | fuente_canonica,tipo→tipo_nota | name→nombre | etiquetas→tags | fecha_creacion→fecha,"Faltan 3 campos: territorio, dimension_tgi, fuente_canonica | Aliases no canónicos: tipo→tipo_nota, name→nombre, etiquetas→tags, fecha_creacion→fecha"
05_COOTAD\COOTAD-Competencias-Sectoriales.md,05_COOTAD,WARN,1398,True,normativa,True,6,2,territorio | dimension_tgi,tipo→tipo_nota | name→nombre | etiquetas→tags | fecha_creacion→fecha | fuente→fuente_canonica,"Faltan: territorio, dimension_tgi | Aliases no canónicos: tipo→tipo_nota, name→nombre, etiquetas→tags, fecha_creacion→fecha, fuente→fuente_canonica"
05_COOTAD\COOTAD-GAD-Municipal.md,05_COOTAD,WARN,2048,True,normativa,True,6,2,territorio | dimension_tgi,tipo→tipo_nota | name→nombre | etiquetas→tags | fecha_creacion→fecha | fuente→fuente_canonica,"Faltan: territorio, dimension_tgi | Aliases no canónicos: tipo→tipo_nota, name→nombre, etiquetas→tags, fecha_creacion→fecha, fuente→fuente_canonica"
05_COOTAD\COOTAD-Planificacion-Participacion.md,05_COOTAD,WARN,1319,True,normativa,True,6,2,territorio | dimension_tgi,tipo→tipo_nota | name→nombre | etiquetas→tags | fecha_creacion→fecha | fuente→fuente_canonica,"Faltan: territorio, dimension_tgi | Aliases no canónicos: tipo→tipo_nota, name→nombre, etiquetas→tags, fecha_creacion→fecha, fuente→fuente_canonica"
05_COOTAD\COOTAD-Principios-Generales.md,05_COOTAD,WARN,1148,True,normativa,True,6,2,territorio | dimension_tgi,tipo→tipo_nota | name→nombre | etiquetas→tags | fecha_creacion→fecha | fuente→fuente_canonica,"Faltan: territorio, dimension_tgi | Aliases no canónicos: tipo→tipo_nota, name→nombre, etiquetas→tags, fecha_creacion→fecha, fuente→fuente_canonica"
05_COOTAD\COOTAD-Recursos-Presupuesto.md,05_COOTAD,WARN,1565,True,normativa,True,6,2,territorio | dimension_tgi,tipo→tipo_nota | name→nombre | etiquetas→tags | fecha_creacion→fecha | fuente→fuente_canonica,"Faltan: territorio, dimension_tgi | Aliases no canónicos: tipo→tipo_nota, name→nombre, etiquetas→tags, fecha_creacion→fecha, fuente→fuente_canonica"
05_COOTAD\COOTAD-Titulo-IX-Disposiciones-Municipales.md,05_COOTAD,WARN,1227,True,normativa,True,6,2,territorio | dimension_tgi,tipo→tipo_nota | name→nombre | etiquetas→tags | fecha_creacion→fecha | fuente→fuente_canonica,"Faltan: territorio, dimension_tgi | Aliases no canónicos: tipo→tipo_nota, name→nombre, etiquetas→tags, fecha_creacion→fecha, fuente→fuente_canonica"
05_LOSEP\_Índice LOSEP.md,05_LOSEP,ERROR,261,True,indice,True,5,3,territorio | dimension_tgi | fuente_canonica,tipo→tipo_nota | name→nombre | etiquetas→tags | fecha_creacion→fecha,"Faltan 3 campos: territorio, dimension_tgi, fuente_canonica | Aliases no canónicos: tipo→tipo_nota, name→nombre, etiquetas→tags, fecha_creacion→fecha"
05_PLANES_NACIONALES\01_PND\_Indice_PND.md,05_PLANES_NACIONALES\01_PND,WARN,417,True,indice-modulo,False,6,2,territorio | estado,tipo→tipo_nota | name→nombre | gold_master→fuente_canonica,"tipo_nota desconocido: 'indice-modulo' | Faltan: territorio, estado | Aliases no canónicos: tipo→tipo_nota, name→nombre, gold_master→fuente_canonica"
05_PLANES_NACIONALES\01_PND\PND-2025-2029-Ecuador-No-Se-Detiene.md,05_PLANES_NACIONALES\01_PND,WARN,1492,True,plan-nacional-desarrollo,False,6,2,territorio | estado,tipo→tipo_nota | name→nombre | gold_master→fuente_canonica,"tipo_nota desconocido: 'plan-nacional-desarrollo' | Faltan: territorio, estado | Aliases no canónicos: tipo→tipo_nota, name→nombre, gold_master→fuente_canonica"
05_PLANES_NACIONALES\02_GUIA_PDOT_SNP\_Indice_Guia_PDOT_SNP.md,05_PLANES_NACIONALES\02_GUIA_PDOT_SNP,WARN,313,True,indice-modulo,False,6,2,territorio | estado,tipo→tipo_nota | name→nombre | gold_master→fuente_canonica,"tipo_nota desconocido: 'indice-modulo' | Faltan: territorio, estado | Aliases no canónicos: tipo→tipo_nota, name→nombre, gold_master→fuente_canonica"
05_PLANES_NACIONALES\02_GUIA_PDOT_SNP\GUIA-PDOT-SNP-2023-Metodologia.md,05_PLANES_NACIONALES\02_GUIA_PDOT_SNP,WARN,1698,True,guia-metodologica-pdot,False,6,2,territorio | estado,tipo→tipo_nota | name→nombre | gold_master→fuente_canonica,"tipo_nota desconocido: 'guia-metodologica-pdot' | Faltan: territorio, estado | Aliases no canónicos: tipo→tipo_nota, name→nombre, gold_master→fuente_canonica"
05_PLANES_NACIONALES\03_PAGCC\_Indice_PAGCC.md,05_PLANES_NACIONALES\03_PAGCC,WARN,398,True,indice-modulo,False,6,2,territorio | estado,tipo→tipo_nota | name→nombre | gold_master→fuente_canonica,"tipo_nota desconocido: 'indice-modulo' | Faltan: territorio, estado | Aliases no canónicos: tipo→tipo_nota, name→nombre, gold_master→fuente_canonica"
05_PLANES_NACIONALES\03_PAGCC\PAGCC-Genero-Cambio-Climatico-2024.md,05_PLANES_NACIONALES\03_PAGCC,WARN,1781,True,plan-accion-nacional,False,6,2,territorio | estado,tipo→tipo_nota | name→nombre | gold_master→fuente_canonica,"tipo_nota desconocido: 'plan-accion-nacional' | Faltan: territorio, estado | Aliases no canónicos: tipo→tipo_nota, name→nombre, gold_master→fuente_canonica"
05_PLANES_NACIONALES\_Indice_Planes_Nacionales.md,05_PLANES_NACIONALES,ERROR,755,True,indice-maestro,False,5,3,territorio | dimension_tgi | fuente_canonica,tipo→tipo_nota | name→nombre,"tipo_nota desconocido: 'indice-maestro' | Faltan 3 campos: territorio, dimension_tgi, fuente_canonica | Aliases no canónicos: tipo→tipo_nota, name→nombre"
06_Fuentes_Financiamiento\_Plantilla_Fondo.md,06_Fuentes_Financiamiento,ERROR,501,True,fondo,True,3,5,nombre | territorio | dimension_tgi | fecha | estado,etiquetas→tags | gold_master→fuente_canonica,"Faltan 5 campos: nombre, territorio, dimension_tgi, fecha, estado | Aliases no canónicos: etiquetas→tags, gold_master→fuente_canonica"
06_Fuentes_Financiamiento\_Índice_Financiamiento.md,06_Fuentes_Financiamiento,WARN,1896,True,indice,True,6,2,territorio | dimension_tgi,tipo→tipo_nota | name→nombre | etiquetas→tags | fecha_creacion→fecha | gold_master→fuente_canonica,"Faltan: territorio, dimension_tgi | Aliases no canónicos: tipo→tipo_nota, name→nombre, etiquetas→tags, fecha_creacion→fecha, gold_master→fuente_canonica"
06_Fuentes_Financiamiento\AECID-Cooperacion-Espanola.md,06_Fuentes_Financiamiento,ERROR,920,True,fondo,True,5,3,territorio | dimension_tgi | estado,etiquetas→tags | fecha_creacion→fecha | gold_master→fuente_canonica,"Faltan 3 campos: territorio, dimension_tgi, estado | Aliases no canónicos: etiquetas→tags, fecha_creacion→fecha, gold_master→fuente_canonica"
06_Fuentes_Financiamiento\BDE-Credito-Directo.md,06_Fuentes_Financiamiento,WARN,1142,True,fondo,True,6,2,territorio | dimension_tgi,etiquetas→tags | fecha_creacion→fecha | gold_master→fuente_canonica,"Faltan: territorio, dimension_tgi | Aliases no canónicos: etiquetas→tags, fecha_creacion→fecha, gold_master→fuente_canonica"
06_Fuentes_Financiamiento\BDE-PremioVerde-Manglar.md,06_Fuentes_Financiamiento,WARN,828,True,fondo,True,6,2,territorio | dimension_tgi,etiquetas→tags | fecha_creacion→fecha | gold_master→fuente_canonica,"Faltan: territorio, dimension_tgi | Aliases no canónicos: etiquetas→tags, fecha_creacion→fecha, gold_master→fuente_canonica"
06_Fuentes_Financiamiento\BEI-PROGAPSA-Alcantarillado.md,06_Fuentes_Financiamiento,WARN,955,True,fondo,True,6,2,territorio | dimension_tgi,etiquetas→tags | fecha_creacion→fecha | gold_master→fuente_canonica,"Faltan: territorio, dimension_tgi | Aliases no canónicos: etiquetas→tags, fecha_creacion→fecha, gold_master→fuente_canonica"
06_Fuentes_Financiamiento\BID-Infraestructura-Clima.md,06_Fuentes_Financiamiento,WARN,1052,True,fondo,True,6,2,territorio | dimension_tgi,etiquetas→tags | fecha_creacion→fecha | gold_master→fuente_canonica,"Faltan: territorio, dimension_tgi | Aliases no canónicos: etiquetas→tags, fecha_creacion→fecha, gold_master→fuente_canonica"
06_Fuentes_Financiamiento\CAF-Credito-Desarrollo.md,06_Fuentes_Financiamiento,WARN,928,True,fondo,True,6,2,territorio | dimension_tgi,etiquetas→tags | fecha_creacion→fecha | gold_master→fuente_canonica,"Faltan: territorio, dimension_tgi | Aliases no canónicos: etiquetas→tags, fecha_creacion→fecha, gold_master→fuente_canonica"
06_Fuentes_Financiamiento\CATASTRO_Global_Fondos.md,06_Fuentes_Financiamiento,ERROR,1993,True,catalogo,False,5,3,territorio | dimension_tgi | estado,etiquetas→tags | fecha_creacion→fecha | gold_master→fuente_canonica,"tipo_nota desconocido: 'catalogo' | Faltan 3 campos: territorio, dimension_tgi, estado | Aliases no canónicos: etiquetas→tags, fecha_creacion→fecha, gold_master→fuente_canonica"
06_Fuentes_Financiamiento\CELEC-Compensacion-Estudios.md,06_Fuentes_Financiamiento,WARN,950,True,fondo,True,6,2,territorio | dimension_tgi,etiquetas→tags | fecha_creacion→fecha | gold_master→fuente_canonica,"Faltan: territorio, dimension_tgi | Aliases no canónicos: etiquetas→tags, fecha_creacion→fecha, gold_master→fuente_canonica"
06_Fuentes_Financiamiento\COSUDE-Cooperacion-Suiza.md,06_Fuentes_Financiamiento,ERROR,764,True,fondo,True,5,3,territorio | dimension_tgi | estado,etiquetas→tags | fecha_creacion→fecha | gold_master→fuente_canonica,"Faltan 3 campos: territorio, dimension_tgi, estado | Aliases no canónicos: etiquetas→tags, fecha_creacion→fecha, gold_master→fuente_canonica"
06_Fuentes_Financiamiento\DASHBOARD_Financiamiento.md,06_Fuentes_Financiamiento,ERROR,822,True,dashboard,True,5,3,territorio | dimension_tgi | estado,etiquetas→tags | fecha_creacion→fecha | gold_master→fuente_canonica,"Faltan 3 campos: territorio, dimension_tgi, estado | Aliases no canónicos: etiquetas→tags, fecha_creacion→fecha, gold_master→fuente_canonica"
06_Fuentes_Financiamiento\Embajada-Canada-CFLI.md,06_Fuentes_Financiamiento,ERROR,967,True,fondo,True,5,3,territorio | dimension_tgi | estado,etiquetas→tags | fecha_creacion→fecha | gold_master→fuente_canonica,"Faltan 3 campos: territorio, dimension_tgi, estado | Aliases no canónicos: etiquetas→tags, fecha_creacion→fecha, gold_master→fuente_canonica"
06_Fuentes_Financiamiento\Embajada-Japon-GGP.md,06_Fuentes_Financiamiento,ERROR,1159,True,fondo,True,5,3,territorio | dimension_tgi | estado,etiquetas→tags | fecha_creacion→fecha | gold_master→fuente_canonica,"Faltan 3 campos: territorio, dimension_tgi, estado | Aliases no canónicos: etiquetas→tags, fecha_creacion→fecha, gold_master→fuente_canonica"
06_Fuentes_Financiamiento\Ford-Foundation.md,06_Fuentes_Financiamiento,ERROR,1027,True,fondo,True,5,3,territorio | dimension_tgi | estado,etiquetas→tags | fecha_creacion→fecha | gold_master→fuente_canonica,"Faltan 3 campos: territorio, dimension_tgi, estado | Aliases no canónicos: etiquetas→tags, fecha_creacion→fecha, gold_master→fuente_canonica"
06_Fuentes_Financiamiento\GCF-Fondo-Verde-Clima.md,06_Fuentes_Financiamiento,ERROR,916,True,fondo,True,5,3,territorio | dimension_tgi | estado,etiquetas→tags | fecha_creacion→fecha | gold_master→fuente_canonica,"Faltan 3 campos: territorio, dimension_tgi, estado | Aliases no canónicos: etiquetas→tags, fecha_creacion→fecha, gold_master→fuente_canonica"
06_Fuentes_Financiamiento\GEF-SGP-Pequenas-Donaciones.md,06_Fuentes_Financiamiento,ERROR,961,True,fondo,True,5,3,territorio | dimension_tgi | estado,etiquetas→tags | fecha_creacion→fecha | gold_master→fuente_canonica,"Faltan 3 campos: territorio, dimension_tgi, estado | Aliases no canónicos: etiquetas→tags, fecha_creacion→fecha, gold_master→fuente_canonica"
06_Fuentes_Financiamiento\GIZ-Cooperacion-Alemana.md,06_Fuentes_Financiamiento,WARN,1048,True,fondo,True,6,2,territorio | dimension_tgi,etiquetas→tags | fecha_creacion→fecha | gold_master→fuente_canonica,"Faltan: territorio, dimension_tgi | Aliases no canónicos: etiquetas→tags, fecha_creacion→fecha, gold_master→fuente_canonica"
06_Fuentes_Financiamiento\NED-Democracia-Sociedad-Civil.md,06_Fuentes_Financiamiento,ERROR,972,True,fondo,True,5,3,territorio | dimension_tgi | estado,etiquetas→tags | fecha_creacion→fecha | gold_master→fuente_canonica,"Faltan 3 campos: territorio, dimension_tgi, estado | Aliases no canónicos: etiquetas→tags, fecha_creacion→fecha, gold_master→fuente_canonica"
06_Fuentes_Financiamiento\Open-Society-Foundations.md,06_Fuentes_Financiamiento,ERROR,1052,True,fondo,True,5,3,territorio | dimension_tgi | estado,etiquetas→tags | fecha_creacion→fecha | gold_master→fuente_canonica,"Faltan 3 campos: territorio, dimension_tgi, estado | Aliases no canónicos: etiquetas→tags, fecha_creacion→fecha, gold_master→fuente_canonica"
06_Fuentes_Financiamiento\PNUD-Desarrollo-Local.md,06_Fuentes_Financiamiento,ERROR,715,True,fondo,True,5,3,territorio | dimension_tgi | estado,etiquetas→tags | fecha_creacion→fecha | gold_master→fuente_canonica,"Faltan 3 campos: territorio, dimension_tgi, estado | Aliases no canónicos: etiquetas→tags, fecha_creacion→fecha, gold_master→fuente_canonica"
06_Fuentes_Financiamiento\USAID-Gobernanza-Inclusion.md,06_Fuentes_Financiamiento,WARN,1065,True,fondo,True,6,2,territorio | dimension_tgi,etiquetas→tags | fecha_creacion→fecha | gold_master→fuente_canonica,"Faltan: territorio, dimension_tgi | Aliases no canónicos: etiquetas→tags, fecha_creacion→fecha, gold_master→fuente_canonica"
06_Sentinel\_Índice Sentinel.md,06_Sentinel,ERROR,317,True,indice,True,5,3,territorio | dimension_tgi | fuente_canonica,tipo→tipo_nota | name→nombre | etiquetas→tags | fecha_creacion→fecha,"Faltan 3 campos: territorio, dimension_tgi, fuente_canonica | Aliases no canónicos: tipo→tipo_nota, name→nombre, etiquetas→tags, fecha_creacion→fecha"
06_Sentinel\glosario\Glosario Institucional.md,06_Sentinel\glosario,ERROR,1100,True,referencia,False,5,3,territorio | dimension_tgi | fuente_canonica,tipo→tipo_nota | name→nombre | etiquetas→tags | fecha_creacion→fecha,"tipo_nota desconocido: 'referencia' | Faltan 3 campos: territorio, dimension_tgi, fuente_canonica | Aliases no canónicos: tipo→tipo_nota, name→nombre, etiquetas→tags, fecha_creacion→fecha"
07_Indicadores\_Índice Indicadores.md,07_Indicadores,ERROR,422,True,indice,True,5,3,territorio | dimension_tgi | fuente_canonica,tipo→tipo_nota | name→nombre | etiquetas→tags | fecha_creacion→fecha,"Faltan 3 campos: territorio, dimension_tgi, fuente_canonica | Aliases no canónicos: tipo→tipo_nota, name→nombre, etiquetas→tags, fecha_creacion→fecha"
07_TGI_Parroquias\_Índice_Parroquias.md,07_TGI_Parroquias,ERROR,462,True,indice-modulo,False,4,4,territorio | dimension_tgi | tags | estado,tipo→tipo_nota | name→nombre | fuente→fuente_canonica,"tipo_nota desconocido: 'indice-modulo' | Faltan 4 campos: territorio, dimension_tgi, tags, estado | Aliases no canónicos: tipo→tipo_nota, name→nombre, fuente→fuente_canonica"
07_TGI_Parroquias\P-01_Montecristi.md,07_TGI_Parroquias,ERROR,432,True,parroquia-tgi,True,3,5,territorio | dimension_tgi | tags | fecha | estado,tipo→tipo_nota | fuente→fuente_canonica,"Faltan 5 campos: territorio, dimension_tgi, tags, fecha, estado | Aliases no canónicos: tipo→tipo_nota, fuente→fuente_canonica"
07_TGI_Parroquias\P-02_Anibal_San_Andres.md,07_TGI_Parroquias,ERROR,441,True,parroquia-tgi,True,3,5,territorio | dimension_tgi | tags | fecha | estado,tipo→tipo_nota | fuente→fuente_canonica,"Faltan 5 campos: territorio, dimension_tgi, tags, fecha, estado | Aliases no canónicos: tipo→tipo_nota, fuente→fuente_canonica"
07_TGI_Parroquias\P-03_Colorado.md,07_TGI_Parroquias,ERROR,484,True,parroquia-tgi,True,3,5,territorio | dimension_tgi | tags | fecha | estado,tipo→tipo_nota | fuente→fuente_canonica,"Faltan 5 campos: territorio, dimension_tgi, tags, fecha, estado | Aliases no canónicos: tipo→tipo_nota, fuente→fuente_canonica"
07_TGI_Parroquias\P-04_Leonidas_Proano.md,07_TGI_Parroquias,ERROR,444,True,parroquia-tgi,True,3,5,territorio | dimension_tgi | tags | fecha | estado,tipo→tipo_nota | fuente→fuente_canonica,"Faltan 5 campos: territorio, dimension_tgi, tags, fecha, estado | Aliases no canónicos: tipo→tipo_nota, fuente→fuente_canonica"
07_TGI_Parroquias\P-05_Gral_Alfaro.md,07_TGI_Parroquias,ERROR,440,True,parroquia-tgi,True,3,5,territorio | dimension_tgi | tags | fecha | estado,tipo→tipo_nota | fuente→fuente_canonica,"Faltan 5 campos: territorio, dimension_tgi, tags, fecha, estado | Aliases no canónicos: tipo→tipo_nota, fuente→fuente_canonica"
07_TGI_Parroquias\P-06_Isabel_Muentes.md,07_TGI_Parroquias,ERROR,491,True,parroquia-tgi,True,3,5,territorio | dimension_tgi | tags | fecha | estado,tipo→tipo_nota | fuente→fuente_canonica,"Faltan 5 campos: territorio, dimension_tgi, tags, fecha, estado | Aliases no canónicos: tipo→tipo_nota, fuente→fuente_canonica"
07_TGI_Parroquias\P-07_La_Pila.md,07_TGI_Parroquias,ERROR,470,True,parroquia-tgi,True,3,5,territorio | dimension_tgi | tags | fecha | estado,tipo→tipo_nota | fuente→fuente_canonica,"Faltan 5 campos: territorio, dimension_tgi, tags, fecha, estado | Aliases no canónicos: tipo→tipo_nota, fuente→fuente_canonica"
07_TGI_Parroquias\TGI_Cantonal.md,07_TGI_Parroquias,ERROR,683,True,dashboard-cantonal,False,5,3,territorio | dimension_tgi | estado,tipo→tipo_nota | name→nombre | fuente→fuente_canonica,"tipo_nota desconocido: 'dashboard-cantonal' | Faltan 3 campos: territorio, dimension_tgi, estado | Aliases no canónicos: tipo→tipo_nota, name→nombre, fuente→fuente_canonica"
08_EJECUCION\_Índice_Ejecucion.md,08_EJECUCION,WARN,469,True,indice-modulo,False,6,2,territorio | estado,tipo→tipo_nota | name→nombre | gold_master→fuente_canonica,"tipo_nota desconocido: 'indice-modulo' | Faltan: territorio, estado | Aliases no canónicos: tipo→tipo_nota, name→nombre, gold_master→fuente_canonica"
08_EJECUCION\FUENTES_Holding_Operativa.md,08_EJECUCION,WARN,989,True,registro-fuentes,False,6,2,territorio | estado,tipo→tipo_nota | name→nombre | gold_master→fuente_canonica,"tipo_nota desconocido: 'registro-fuentes' | Faltan: territorio, estado | Aliases no canónicos: tipo→tipo_nota, name→nombre, gold_master→fuente_canonica"
08_EJECUCION\ICM_SIGAD_2023_2024.md,08_EJECUCION,WARN,828,True,icm-sigad,False,6,2,territorio | estado,tipo→tipo_nota | name→nombre | gold_master→fuente_canonica,"tipo_nota desconocido: 'icm-sigad' | Faltan: territorio, estado | Aliases no canónicos: tipo→tipo_nota, name→nombre, gold_master→fuente_canonica"
08_EJECUCION\ORGANICO_040_2025.md,08_EJECUCION,WARN,1200,True,normativa-interna,False,6,2,territorio | estado,tipo→tipo_nota | name→nombre | gold_master→fuente_canonica,"tipo_nota desconocido: 'normativa-interna' | Faltan: territorio, estado | Aliases no canónicos: tipo→tipo_nota, name→nombre, gold_master→fuente_canonica"
08_EJECUCION\PAC_2026_Contexto.md,08_EJECUCION,WARN,642,True,contexto-operativo,False,6,2,territorio | estado,tipo→tipo_nota | name→nombre | gold_master→fuente_canonica,"tipo_nota desconocido: 'contexto-operativo' | Faltan: territorio, estado | Aliases no canónicos: tipo→tipo_nota, name→nombre, gold_master→fuente_canonica"
08_EJECUCION\Plan_CNE_Alcalde_Montecristi.md,08_EJECUCION,WARN,1601,True,plan-trabajo-cne,False,6,2,territorio | estado,tipo→tipo_nota | name→nombre | gold_master→fuente_canonica,"tipo_nota desconocido: 'plan-trabajo-cne' | Faltan: territorio, estado | Aliases no canónicos: tipo→tipo_nota, name→nombre, gold_master→fuente_canonica"
08_EJECUCION\POA_2026_Contexto.md,08_EJECUCION,WARN,566,True,contexto-operativo,False,6,2,territorio | estado,tipo→tipo_nota | name→nombre | gold_master→fuente_canonica,"tipo_nota desconocido: 'contexto-operativo' | Faltan: territorio, estado | Aliases no canónicos: tipo→tipo_nota, name→nombre, gold_master→fuente_canonica"
08_EJECUCION\RDC_Holding_2023_2024.md,08_EJECUCION,WARN,552,True,rendicion-cuentas,False,6,2,territorio | estado,tipo→tipo_nota | name→nombre | gold_master→fuente_canonica,"tipo_nota desconocido: 'rendicion-cuentas' | Faltan: territorio, estado | Aliases no canónicos: tipo→tipo_nota, name→nombre, gold_master→fuente_canonica"
08_EJECUCION\TRAYECTORIA_2023_2026.md,08_EJECUCION,WARN,1279,True,trayectoria-historica,False,6,2,territorio | estado,tipo→tipo_nota | name→nombre | gold_master→fuente_canonica,"tipo_nota desconocido: 'trayectoria-historica' | Faltan: territorio, estado | Aliases no canónicos: tipo→tipo_nota, name→nombre, gold_master→fuente_canonica"
08_Plantillas\Plantilla-Caso.md,08_Plantillas,ERROR,232,True,plantilla,True,5,3,territorio | dimension_tgi | fuente_canonica,tipo→tipo_nota | name→nombre | etiquetas→tags | fecha_creacion→fecha,"Faltan 3 campos: territorio, dimension_tgi, fuente_canonica | Aliases no canónicos: tipo→tipo_nota, name→nombre, etiquetas→tags, fecha_creacion→fecha"
08_Plantillas\Plantilla-Indicador.md,08_Plantillas,ERROR,233,True,plantilla,True,5,3,territorio | dimension_tgi | fuente_canonica,tipo→tipo_nota | name→nombre | etiquetas→tags | fecha_creacion→fecha,"Faltan 3 campos: territorio, dimension_tgi, fuente_canonica | Aliases no canónicos: tipo→tipo_nota, name→nombre, etiquetas→tags, fecha_creacion→fecha"
08_Plantillas\Plantilla-Meta.md,08_Plantillas,ERROR,190,True,plantilla,True,5,3,territorio | dimension_tgi | fuente_canonica,tipo→tipo_nota | name→nombre | etiquetas→tags | fecha_creacion→fecha,"Faltan 3 campos: territorio, dimension_tgi, fuente_canonica | Aliases no canónicos: tipo→tipo_nota, name→nombre, etiquetas→tags, fecha_creacion→fecha"
08_Plantillas\Plantilla-Norma.md,08_Plantillas,ERROR,154,True,plantilla,True,5,3,territorio | dimension_tgi | fuente_canonica,tipo→tipo_nota | name→nombre | etiquetas→tags | fecha_creacion→fecha,"Faltan 3 campos: territorio, dimension_tgi, fuente_canonica | Aliases no canónicos: tipo→tipo_nota, name→nombre, etiquetas→tags, fecha_creacion→fecha"
08_Plantillas\Plantilla-Parroquia.md,08_Plantillas,ERROR,218,True,plantilla,True,5,3,territorio | dimension_tgi | fuente_canonica,tipo→tipo_nota | name→nombre | etiquetas→tags | fecha_creacion→fecha,"Faltan 3 campos: territorio, dimension_tgi, fuente_canonica | Aliases no canónicos: tipo→tipo_nota, name→nombre, etiquetas→tags, fecha_creacion→fecha"
COAD-Acto-Administrativo.md,.,ERROR,0,False,,False,0,8,tipo_nota | nombre | territorio | dimension_tgi | tags | fecha | estado | fuente_canonica,,"Nota vacía o casi vacía | Faltan 8 campos: tipo_nota, nombre, territorio, dimension_tgi, tags, fecha, estado, fuente_canonica"
Concejo Municipal de Montecristi.md,.,ERROR,0,False,,False,0,8,tipo_nota | nombre | territorio | dimension_tgi | tags | fecha | estado | fuente_canonica,,"Nota vacía o casi vacía | Faltan 8 campos: tipo_nota, nombre, territorio, dimension_tgi, tags, fecha, estado, fuente_canonica"
COOTAD-Gobierno-Local.md,.,ERROR,0,False,,False,0,8,tipo_nota | nombre | territorio | dimension_tgi | tags | fecha | estado | fuente_canonica,,"Nota vacía o casi vacía | Faltan 8 campos: tipo_nota, nombre, territorio, dimension_tgi, tags, fecha, estado, fuente_canonica"
COPFP-Planificacion-Finanzas.md,.,ERROR,0,False,,False,0,8,tipo_nota | nombre | territorio | dimension_tgi | tags | fecha | estado | fuente_canonica,,"Nota vacía o casi vacía | Faltan 8 campos: tipo_nota, nombre, territorio, dimension_tgi, tags, fecha, estado, fuente_canonica"
DIAG-Ambiental.md,.,ERROR,0,False,,False,0,8,tipo_nota | nombre | territorio | dimension_tgi | tags | fecha | estado | fuente_canonica,,"Nota vacía o casi vacía | Faltan 8 campos: tipo_nota, nombre, territorio, dimension_tgi, tags, fecha, estado, fuente_canonica"
DIAG-Demo grafia.md,.,ERROR,0,False,,False,0,8,tipo_nota | nombre | territorio | dimension_tgi | tags | fecha | estado | fuente_canonica,,"Nota vacía o casi vacía | Faltan 8 campos: tipo_nota, nombre, territorio, dimension_tgi, tags, fecha, estado, fuente_canonica"
DIAG-Economia-Productivo.md,.,ERROR,0,False,,False,0,8,tipo_nota | nombre | territorio | dimension_tgi | tags | fecha | estado | fuente_canonica,,"Nota vacía o casi vacía | Faltan 8 campos: tipo_nota, nombre, territorio, dimension_tgi, tags, fecha, estado, fuente_canonica"
enlace.md,.,ERROR,0,False,,False,0,8,tipo_nota | nombre | territorio | dimension_tgi | tags | fecha | estado | fuente_canonica,,"Nota vacía o casi vacía | Faltan 8 campos: tipo_nota, nombre, territorio, dimension_tgi, tags, fecha, estado, fuente_canonica"
F-CAF.md,.,ERROR,0,False,,False,0,8,tipo_nota | nombre | territorio | dimension_tgi | tags | fecha | estado | fuente_canonica,,"Nota vacía o casi vacía | Faltan 8 campos: tipo_nota, nombre, territorio, dimension_tgi, tags, fecha, estado, fuente_canonica"
GADM Montecristi.md,.,ERROR,0,False,,False,0,8,tipo_nota | nombre | territorio | dimension_tgi | tags | fecha | estado | fuente_canonica,,"Nota vacía o casi vacía | Faltan 8 campos: tipo_nota, nombre, territorio, dimension_tgi, tags, fecha, estado, fuente_canonica"
Leonidas Proaño.md,.,ERROR,0,False,,False,0,8,tipo_nota | nombre | territorio | dimension_tgi | tags | fecha | estado | fuente_canonica,,"Nota vacía o casi vacía | Faltan 8 campos: tipo_nota, nombre, territorio, dimension_tgi, tags, fecha, estado, fuente_canonica"
LOTAIP-Transparencia-Informacion-Publica.md,.,ERROR,0,False,,False,0,8,tipo_nota | nombre | territorio | dimension_tgi | tags | fecha | estado | fuente_canonica,,"Nota vacía o casi vacía | Faltan 8 campos: tipo_nota, nombre, territorio, dimension_tgi, tags, fecha, estado, fuente_canonica"
PDyOT-Bicentenario-Montecristi.md,.,ERROR,135,True,redirect,False,4,4,territorio | dimension_tgi | estado | fuente_canonica,tipo→tipo_nota | name→nombre,"tipo_nota desconocido: 'redirect' | Faltan 4 campos: territorio, dimension_tgi, estado, fuente_canonica | Aliases no canónicos: tipo→tipo_nota, name→nombre"
Plan Nacional de Desarrollo.md,.,ERROR,0,False,,False,0,8,tipo_nota | nombre | territorio | dimension_tgi | tags | fecha | estado | fuente_canonica,,"Nota vacía o casi vacía | Faltan 8 campos: tipo_nota, nombre, territorio, dimension_tgi, tags, fecha, estado, fuente_canonica"
Presupuesto General del Estado.md,.,ERROR,0,False,,False,0,8,tipo_nota | nombre | territorio | dimension_tgi | tags | fecha | estado | fuente_canonica,,"Nota vacía o casi vacía | Faltan 8 campos: tipo_nota, nombre, territorio, dimension_tgi, tags, fecha, estado, fuente_canonica"
PUGS.md,.,ERROR,0,False,,False,0,8,tipo_nota | nombre | territorio | dimension_tgi | tags | fecha | estado | fuente_canonica,,"Nota vacía o casi vacía | Faltan 8 campos: tipo_nota, nombre, territorio, dimension_tgi, tags, fecha, estado, fuente_canonica"
Sistema Nacional Descentralizado de Planificación Participativa.md,.,ERROR,0,False,,False,0,8,tipo_nota | nombre | territorio | dimension_tgi | tags | fecha | estado | fuente_canonica,,"Nota vacía o casi vacía | Faltan 8 campos: tipo_nota, nombre, territorio, dimension_tgi, tags, fecha, estado, fuente_canonica"
{{Nombre del programa}}.md,.,ERROR,0,False,,False,0,8,tipo_nota | nombre | territorio | dimension_tgi | tags | fecha | estado | fuente_canonica,,"Nota vacía o casi vacía | Faltan 8 campos: tipo_nota, nombre, territorio, dimension_tgi, tags, fecha, estado, fuente_canonica"
